/*
Inserts de massa de dados para o ambiente clinica_medica.
Esses dados foi criado por um script em python utilizando faker, que são dados aleatórios e ficticios afins educativo para o projeto final.
*/

INSERT INTO Especialidades (id_especialidade, nome_especialidade, descricao) VALUES (1, 'Cardiologia', 'Ea doloremque explicabo. Qui sapiente expedita magni iusto veniam ab.');
INSERT INTO Especialidades (id_especialidade, nome_especialidade, descricao) VALUES (2, 'Dermatologia', 'Cupiditate a cum deleniti est. Repellat atque aliquid maiores adipisci. Dignissimos quam ducimus.');
INSERT INTO Especialidades (id_especialidade, nome_especialidade, descricao) VALUES (3, 'Pediatria', 'Doloremque enim soluta velit reiciendis. Aliquid ab quam sapiente.');
INSERT INTO Especialidades (id_especialidade, nome_especialidade, descricao) VALUES (4, 'Clínica General', 'Est harum provident. Nam harum laborum labore. Facere incidunt magnam deleniti.');
INSERT INTO Especialidades (id_especialidade, nome_especialidade, descricao) VALUES (5, 'Oftalmologia', 'Quibusdam pariatur minima quod. Dicta quidem tempore sequi placeat.');
INSERT INTO Especialidades (id_especialidade, nome_especialidade, descricao) VALUES (6, 'Ortopedia', 'Quisquam ratione commodi similique recusandae reprehenderit.');
INSERT INTO Especialidades (id_especialidade, nome_especialidade, descricao) VALUES (7, 'Ginecologia', 'Nulla non temporibus inventore ipsa. Praesentium sequi dignissimos qui laudantium.');
INSERT INTO Especialidades (id_especialidade, nome_especialidade, descricao) VALUES (8, 'Neurologia', 'Est eos quibusdam soluta ad. Esse similique architecto eveniet.');
INSERT INTO Especialidades (id_especialidade, nome_especialidade, descricao) VALUES (9, 'Psiquiatria', 'Quia vitae illo. Iure repellat quis minus aliquam voluptatem nesciunt.');
INSERT INTO Especialidades (id_especialidade, nome_especialidade, descricao) VALUES (10, 'Endocrinologia', 'Voluptas voluptas officia dolores natus.');
INSERT INTO Especialidades (id_especialidade, nome_especialidade, descricao) VALUES (11, 'Gastroenterologia', 'Impedit excepturi dolorem eligendi.');
INSERT INTO Especialidades (id_especialidade, nome_especialidade, descricao) VALUES (12, 'Urologia', 'Numquam tempora iusto dolor accusamus dolorum. Enim quasi a. Consectetur explicabo labore.');
INSERT INTO Especialidades (id_especialidade, nome_especialidade, descricao) VALUES (13, 'Otorrinolaringologia', 'Cum doloremque culpa occaecati libero eos. Quidem ut aliquid repellat ipsum.');
INSERT INTO Especialidades (id_especialidade, nome_especialidade, descricao) VALUES (14, 'Pneumologia', 'Fugit placeat quam hic ducimus. A praesentium et dignissimos iste corporis vel.');
INSERT INTO Especialidades (id_especialidade, nome_especialidade, descricao) VALUES (15, 'Nefrologia', 'Provident autem laboriosam et. Velit impedit velit voluptates adipisci nulla odio.');
INSERT INTO Especialidades (id_especialidade, nome_especialidade, descricao) VALUES (16, 'Reumatologia', 'Eveniet eum at. Dolor ducimus corporis ut perspiciatis pariatur iusto.');
INSERT INTO Especialidades (id_especialidade, nome_especialidade, descricao) VALUES (17, 'Infectologia', 'Maxime expedita ullam saepe asperiores in animi ipsam. Adipisci ipsa magni laboriosam.');
INSERT INTO Especialidades (id_especialidade, nome_especialidade, descricao) VALUES (18, 'Geriatria', 'Architecto autem eum fuga incidunt quae neque molestias. Iusto eaque reiciendis excepturi.');
INSERT INTO Especialidades (id_especialidade, nome_especialidade, descricao) VALUES (19, 'Cirurgia Geral', 'Velit eum laboriosam numquam magni. Tempore eum error.');
INSERT INTO Especialidades (id_especialidade, nome_especialidade, descricao) VALUES (20, 'Anestesiologia', 'Aut error labore culpa delectus. Quisquam cum pariatur. Asperiores iusto a tempore quas provident.');
INSERT INTO Especialidades (id_especialidade, nome_especialidade, descricao) VALUES (21, 'Oncologia', 'Sapiente cumque cum commodi. Quo qui in ullam eum. Exercitationem officiis occaecati porro.');
INSERT INTO Especialidades (id_especialidade, nome_especialidade, descricao) VALUES (22, 'Hematologia', 'Fuga nihil vel minima. Iure labore recusandae vero.');
INSERT INTO Especialidades (id_especialidade, nome_especialidade, descricao) VALUES (23, 'Imunologia', 'Tempora voluptate tempora accusamus provident dicta nulla. Quasi beatae animi aperiam molestias.');
INSERT INTO Especialidades (id_especialidade, nome_especialidade, descricao) VALUES (24, 'Fisiatria', 'Eum vitae cumque repellat. Dolor aliquid quia corporis. Quaerat quia porro ut accusantium officiis.');
INSERT INTO Especialidades (id_especialidade, nome_especialidade, descricao) VALUES (25, 'Medicina Esportiva', 'Reiciendis impedit alias repellendus itaque. Totam ullam ex. Iste recusandae rerum.');
INSERT INTO Especialidades (id_especialidade, nome_especialidade, descricao) VALUES (26, 'Nutrologia', 'Quae ducimus non quaerat dolor. Maxime ipsam inventore.');
INSERT INTO Especialidades (id_especialidade, nome_especialidade, descricao) VALUES (27, 'Alergologia', 'Nihil asperiores excepturi incidunt. Voluptates voluptatibus praesentium nemo veniam sed.');
INSERT INTO Especialidades (id_especialidade, nome_especialidade, descricao) VALUES (28, 'Angiologia', 'In harum laudantium tenetur in. Dignissimos corrupti rerum est.');
INSERT INTO Especialidades (id_especialidade, nome_especialidade, descricao) VALUES (29, 'Coloproctologia', 'Sit occaecati aperiam excepturi. Quia officiis dolores perspiciatis blanditiis voluptate suscipit.');
INSERT INTO Especialidades (id_especialidade, nome_especialidade, descricao) VALUES (30, 'Hepatologia', 'Incidunt aut amet maxime expedita. Quisquam placeat est. Quasi beatae nulla tempore sequi aliquam.');
INSERT INTO Pacientes (id_paciente, nome, data_nascimento, cpf, telefone, email, endereco) VALUES (1, 'Josué Ribeiro', '2010-02-01', '157.878.965-16', '+55 (031) 6230 6618', 'fernandesliam@example.com', 'Setor de Nogueira, 19, Dona Clara, 47378773 Teixeira / BA');
INSERT INTO Pacientes (id_paciente, nome, data_nascimento, cpf, telefone, email, endereco) VALUES (2, 'Bruno Leão', '1994-01-12', '316.421.491-51', '81 0949-3808', 'maria-sophiarezende@example.net', 'Setor Alícia Duarte, 489, Estrela Do Oriente, 56149-886 Gomes dos Dourados / CE');
INSERT INTO Pacientes (id_paciente, nome, data_nascimento, cpf, telefone, email, endereco) VALUES (3, 'Nicole Mendonça', '1943-10-16', '110.719.163-56', '41 3294 5792', 'qandrade@example.com', 'Sítio Farias, 34, Penha, 63327195 Guerra das Pedras / TO');
INSERT INTO Pacientes (id_paciente, nome, data_nascimento, cpf, telefone, email, endereco) VALUES (4, 'Pedro Miguel da Mata', '2004-04-28', '294.151.411-61', '(061) 3298-2879', 'heloisaalves@example.org', 'Viaduto Barros, 7, Cenaculo, 72524-605 da Paz / SP');
INSERT INTO Pacientes (id_paciente, nome, data_nascimento, cpf, telefone, email, endereco) VALUES (5, 'Dra. Lorena Alves', '1950-09-24', '157.572.622-20', '(071) 1004 2079', 'guerrakamilly@example.net', 'Aeroporto Anthony Alves, 46, Itatiaia, 37800-254 Rocha / MA');
INSERT INTO Pacientes (id_paciente, nome, data_nascimento, cpf, telefone, email, endereco) VALUES (6, 'Ana Laura da Rosa', '1951-06-15', '210.938.583-51', '+55 71 0011 6977', 'marinaviana@example.net', 'Estrada Machado, 46, Grajaú, 30389166 Pereira de Andrade / CE');
INSERT INTO Pacientes (id_paciente, nome, data_nascimento, cpf, telefone, email, endereco) VALUES (7, 'Ana Clara Azevedo', '2022-03-11', '464.714.380-34', '+55 21 4635-7542', 'rgoncalves@example.net', 'Residencial de Dias, 9, Vila Rica, 74460-139 Moreira / PE');
INSERT INTO Pacientes (id_paciente, nome, data_nascimento, cpf, telefone, email, endereco) VALUES (8, 'Eloá Cavalcanti', '1960-08-08', '400.719.593-59', '(021) 6897 2057', 'augustoabreu@example.org', 'Feira Lucas Gabriel da Conceição, 73, Boa União 2ª Seção, 76839398 Novaes de Guerra / RR');
INSERT INTO Pacientes (id_paciente, nome, data_nascimento, cpf, telefone, email, endereco) VALUES (9, 'Diego Ferreira', '1953-02-28', '684.542.898-44', '(021) 9490 8947', 'biancacorreia@example.org', 'Passarela Almeida, 21, Conjunto Novo Dom Bosco, 73480531 da Costa / MA');
INSERT INTO Pacientes (id_paciente, nome, data_nascimento, cpf, telefone, email, endereco) VALUES (10, 'Maria Júlia Azevedo', '2007-11-04', '916.596.432-64', '(081) 8532 4668', 'pereiraisabela@example.com', 'Viela da Luz, 755, Beira Linha, 72798931 Melo / RO');
INSERT INTO Pacientes (id_paciente, nome, data_nascimento, cpf, telefone, email, endereco) VALUES (11, 'Aylla Moraes', '1942-07-20', '900.632.817-97', '+55 (051) 5517 3015', 'olivercostela@example.net', 'Travessa de da Costa, 548, Cidade Jardim, 54243-832 Sá / ES');
INSERT INTO Pacientes (id_paciente, nome, data_nascimento, cpf, telefone, email, endereco) VALUES (12, 'Srta. Ester Rios', '1996-04-20', '722.687.930-54', '+55 (084) 0445-6348', 'maria-luisa69@example.org', 'Quadra Luna da Cruz, 78, Etelvina Carneiro, 92474-370 Correia / RS');
INSERT INTO Pacientes (id_paciente, nome, data_nascimento, cpf, telefone, email, endereco) VALUES (13, 'Helena das Neves', '1944-03-02', '652.269.118-62', '+55 31 4582 9202', 'ana-lauralopes@example.com', 'Pátio Martins, 86, Pousada Santo Antonio, 90564-220 Brito da Praia / ES');
INSERT INTO Pacientes (id_paciente, nome, data_nascimento, cpf, telefone, email, endereco) VALUES (14, 'Matheus Moura', '1952-01-13', '374.118.585-42', '(081) 2854 3466', 'freitasarthur@example.org', 'Alameda Ramos, 9, São Gabriel, 34405331 Rodrigues das Pedras / SP');
INSERT INTO Pacientes (id_paciente, nome, data_nascimento, cpf, telefone, email, endereco) VALUES (15, 'Marcelo Pastor', '1960-03-10', '775.848.140-66', '+55 (084) 1184-3102', 'camargojuliana@example.com', 'Quadra Vasconcelos, 49, Califórnia, 51908-883 Barros das Pedras / SP');
INSERT INTO Pacientes (id_paciente, nome, data_nascimento, cpf, telefone, email, endereco) VALUES (16, 'Ana Sophia Aragão', '1959-07-22', '329.397.925-15', '+55 (021) 5520 6366', 'da-mataenzo@example.com', 'Quadra de Siqueira, 46, Barão Homem De Melo 1ª Seção, 19058-415 Castro / GO');
INSERT INTO Pacientes (id_paciente, nome, data_nascimento, cpf, telefone, email, endereco) VALUES (17, 'Maria Helena Nascimento', '1953-04-22', '424.567.230-24', '0300 414 6799', 'icassiano@example.com', 'Travessa de Azevedo, 673, Monte São José, 68115901 Silveira / SP');
INSERT INTO Pacientes (id_paciente, nome, data_nascimento, cpf, telefone, email, endereco) VALUES (18, 'Srta. Sara Macedo', '1949-07-27', '844.732.944-36', '41 8352 0764', 'da-pazheloisa@example.com', 'Estrada Almeida, 8, Santa Terezinha, 93945-093 Novais de Moreira / RN');
INSERT INTO Pacientes (id_paciente, nome, data_nascimento, cpf, telefone, email, endereco) VALUES (19, 'Daniel Machado', '2009-10-08', '963.283.436-45', '(021) 5137 2570', 'melomaria-julia@example.org', 'Pátio Santos, 181, Dom Joaquim, 10658101 Peixoto / CE');
INSERT INTO Pacientes (id_paciente, nome, data_nascimento, cpf, telefone, email, endereco) VALUES (20, 'Sra. Bella Freitas', '1978-02-27', '492.827.128-49', '21 6129 0146', 'clara84@example.net', 'Residencial de Pinto, 9, Pantanal, 28572-034 Aparecida Alegre / MG');
INSERT INTO Pacientes (id_paciente, nome, data_nascimento, cpf, telefone, email, endereco) VALUES (21, 'Paulo Mendonça', '2024-05-23', '163.904.167-86', '+55 21 7316-2704', 'marcelamonteiro@example.org', 'Avenida Vasconcelos, 57, Nossa Senhora Aparecida, 54224482 Aparecida / PR');
INSERT INTO Pacientes (id_paciente, nome, data_nascimento, cpf, telefone, email, endereco) VALUES (22, 'Lorena Rios', '1971-04-26', '726.432.591-44', '+55 (071) 6234 3506', 'rezendeeduarda@example.org', 'Rodovia Cauê Brito, 65, Novo Aarão Reis, 95772333 Mendonça de Aparecida / AP');
INSERT INTO Pacientes (id_paciente, nome, data_nascimento, cpf, telefone, email, endereco) VALUES (23, 'Emilly Casa Grande', '1983-03-17', '623.800.604-77', '+55 (041) 8496-2836', 'vrios@example.com', 'Distrito de Porto, 85, São Francisco Das Chagas, 87542819 da Cunha / CE');
INSERT INTO Pacientes (id_paciente, nome, data_nascimento, cpf, telefone, email, endereco) VALUES (24, 'Sofia Nascimento', '1993-05-27', '369.499.461-33', '+55 41 7927 6355', 'brenda73@example.net', 'Fazenda Porto, 21, Marieta 2ª Seção, 23628989 Moraes / PA');
INSERT INTO Pacientes (id_paciente, nome, data_nascimento, cpf, telefone, email, endereco) VALUES (25, 'Ravy Cassiano', '2001-09-04', '103.155.368-81', '51 8610 8751', 'jose-miguelsampaio@example.net', 'Distrito de Borges, 29, Apolonia, 79097691 Ribeiro / MS');
INSERT INTO Pacientes (id_paciente, nome, data_nascimento, cpf, telefone, email, endereco) VALUES (26, 'Antonella Viana', '1962-10-12', '169.377.422-43', '+55 (071) 0589 4184', 'freitasjulia@example.com', 'Passarela de Leão, 24, Carmo, 01461985 Montenegro da Prata / PI');
INSERT INTO Pacientes (id_paciente, nome, data_nascimento, cpf, telefone, email, endereco) VALUES (27, 'João Pedro da Cunha', '1999-05-15', '853.212.985-55', '(031) 3299 4035', 'juan62@example.net', 'Condomínio Ana Beatriz da Cruz, 42, Vila Santo Antônio, 92292824 Lopes / RS');
INSERT INTO Pacientes (id_paciente, nome, data_nascimento, cpf, telefone, email, endereco) VALUES (28, 'Pietro da Costa', '2019-11-17', '277.606.819-70', '(071) 7125-2798', 'lauracasa-grande@example.net', 'Lagoa Joana Cunha, 1, Vila Pinho, 53098693 Vasconcelos do Galho / PA');
INSERT INTO Pacientes (id_paciente, nome, data_nascimento, cpf, telefone, email, endereco) VALUES (29, 'João Lucas Moura', '1990-11-02', '595.395.548-97', '+55 (031) 1394 1568', 'emontenegro@example.org', 'Trevo de da Paz, 51, Túnel De Ibirité, 23786-537 Monteiro do Galho / RN');
INSERT INTO Pacientes (id_paciente, nome, data_nascimento, cpf, telefone, email, endereco) VALUES (30, 'Bruno Cavalcante', '2002-04-21', '840.985.163-90', '+55 (051) 4287-1636', 'moraesdiego@example.com', 'Favela Kamilly da Rosa, 64, Jardinópolis, 61012-460 Ferreira de Sampaio / SP');
INSERT INTO Medicos (id_medico, nome, crm, telefone, email) VALUES (1, 'João Felipe Dias', '72336/PB', '+55 61 9618-8676', 'heloisagoncalves@example.org');
INSERT INTO Medicos (id_medico, nome, crm, telefone, email) VALUES (2, 'Kaique Nogueira', '24718/AP', '0500 982 1480', 'antonioborges@example.org');
INSERT INTO Medicos (id_medico, nome, crm, telefone, email) VALUES (3, 'Ana Júlia Sousa', '65348/GO', '+55 11 0214-6234', 'framos@example.net');
INSERT INTO Medicos (id_medico, nome, crm, telefone, email) VALUES (4, 'Sra. Maria Alice Novais', '66242/MT', '(031) 3012-8655', 'rodriguesvitor@example.org');
INSERT INTO Medicos (id_medico, nome, crm, telefone, email) VALUES (5, 'Giovanna Camargo', '43077/RN', '(021) 2923 8359', 'ana-julia09@example.com');
INSERT INTO Medicos (id_medico, nome, crm, telefone, email) VALUES (6, 'Matheus Alves', '26023/SP', '+55 84 8797 4844', 'luiz-felipe77@example.org');
INSERT INTO Medicos (id_medico, nome, crm, telefone, email) VALUES (7, 'Léo Borges', '49525/AP', '+55 84 8527 3129', 'yvargas@example.net');
INSERT INTO Medicos (id_medico, nome, crm, telefone, email) VALUES (8, 'Caleb Borges', '49461/TO', '+55 21 7885-8082', 'ana-lizmendonca@example.com');
INSERT INTO Medicos (id_medico, nome, crm, telefone, email) VALUES (9, 'Sr. Isaac Rezende', '64162/MS', '(041) 6577-1499', 'cavalcantiluara@example.net');
INSERT INTO Medicos (id_medico, nome, crm, telefone, email) VALUES (10, 'Emanuelly Andrade', '95763/RJ', '(011) 6740-1605', 'das-nevesnicolas@example.com');
INSERT INTO Medicos (id_medico, nome, crm, telefone, email) VALUES (11, 'Ana Lívia Caldeira', '77787/BA', '+55 31 9623-6038', 'mariaramos@example.net');
INSERT INTO Medicos (id_medico, nome, crm, telefone, email) VALUES (12, 'Sr. Henry Gabriel Moraes', '75780/DF', '+55 (084) 1276-0978', 'mcaldeira@example.com');
INSERT INTO Medicos (id_medico, nome, crm, telefone, email) VALUES (13, 'Ana Costela', '97760/SC', '84 6478 8313', 'larissada-cruz@example.net');
INSERT INTO Medicos (id_medico, nome, crm, telefone, email) VALUES (14, 'Clarice Cassiano', '40209/MS', '81 8967-4700', 'luiz-felipe20@example.com');
INSERT INTO Medicos (id_medico, nome, crm, telefone, email) VALUES (15, 'Luan Pimenta', '91611/DF', '(031) 5118 5528', 'pietracostela@example.com');
INSERT INTO Medicos (id_medico, nome, crm, telefone, email) VALUES (16, 'Rael Aragão', '22295/RS', '0800 218 2176', 'dante07@example.com');
INSERT INTO Medicos (id_medico, nome, crm, telefone, email) VALUES (17, 'Brenda Farias', '85586/RR', '0500 302 1028', 'emillycunha@example.net');
INSERT INTO Medicos (id_medico, nome, crm, telefone, email) VALUES (18, 'Maria Júlia Pimenta', '28486/MG', '+55 (021) 4756 9585', 'milenapires@example.net');
INSERT INTO Medicos (id_medico, nome, crm, telefone, email) VALUES (19, 'Maria Alice Marques', '82556/RS', '(011) 0554-5197', 'danilofernandes@example.com');
INSERT INTO Medicos (id_medico, nome, crm, telefone, email) VALUES (20, 'Amanda Rocha', '75849/SP', '+55 84 7958-7866', 'bruno30@example.com');
INSERT INTO Medicos (id_medico, nome, crm, telefone, email) VALUES (21, 'Diogo Melo', '29901/GO', '+55 (041) 5710 9696', 'luansales@example.com');
INSERT INTO Medicos (id_medico, nome, crm, telefone, email) VALUES (22, 'Natália Sales', '51875/MS', '+55 81 8249-4667', 'joao-miguelduarte@example.net');
INSERT INTO Medicos (id_medico, nome, crm, telefone, email) VALUES (23, 'Srta. Manuela Cirino', '79972/MA', '0800-886-5615', 'maria-luiza68@example.com');
INSERT INTO Medicos (id_medico, nome, crm, telefone, email) VALUES (24, 'Daniel Borges', '32077/MS', '+55 61 2652-7382', 'lais09@example.org');
INSERT INTO Medicos (id_medico, nome, crm, telefone, email) VALUES (25, 'Sr. Luan Silva', '69695/SP', '+55 71 0488 8351', 'maria-luisa46@example.com');
INSERT INTO Medicos (id_medico, nome, crm, telefone, email) VALUES (26, 'Davi Miguel Siqueira', '13505/PI', '+55 (061) 5623-0877', 'emilly74@example.org');
INSERT INTO Medicos (id_medico, nome, crm, telefone, email) VALUES (27, 'Raul Lima', '85263/SE', '0800-162-4308', 'lunna17@example.org');
INSERT INTO Medicos (id_medico, nome, crm, telefone, email) VALUES (28, 'Srta. Mariah Vieira', '95228/MG', '+55 (041) 4540-9097', 'lcarvalho@example.org');
INSERT INTO Medicos (id_medico, nome, crm, telefone, email) VALUES (29, 'Sra. Vitória Caldeira', '82554/MG', '71 4830 3203', 'cavalcanteamanda@example.net');
INSERT INTO Medicos (id_medico, nome, crm, telefone, email) VALUES (30, 'Guilherme da Conceição', '77910/PR', '+55 31 1520 6877', 'joao-guilherme20@example.org');
INSERT INTO Medico_Especialidade (medico_id, especialidade_id) VALUES (1, 2);
INSERT INTO Medico_Especialidade (medico_id, especialidade_id) VALUES (1, 16);
INSERT INTO Medico_Especialidade (medico_id, especialidade_id) VALUES (2, 21);
INSERT INTO Medico_Especialidade (medico_id, especialidade_id) VALUES (2, 28);
INSERT INTO Medico_Especialidade (medico_id, especialidade_id) VALUES (2, 27);
INSERT INTO Medico_Especialidade (medico_id, especialidade_id) VALUES (3, 4);
INSERT INTO Medico_Especialidade (medico_id, especialidade_id) VALUES (3, 3);
INSERT INTO Medico_Especialidade (medico_id, especialidade_id) VALUES (4, 29);
INSERT INTO Medico_Especialidade (medico_id, especialidade_id) VALUES (4, 1);
INSERT INTO Medico_Especialidade (medico_id, especialidade_id) VALUES (5, 30);
INSERT INTO Medico_Especialidade (medico_id, especialidade_id) VALUES (5, 18);
INSERT INTO Medico_Especialidade (medico_id, especialidade_id) VALUES (5, 20);
INSERT INTO Medico_Especialidade (medico_id, especialidade_id) VALUES (6, 19);
INSERT INTO Medico_Especialidade (medico_id, especialidade_id) VALUES (6, 25);
INSERT INTO Medico_Especialidade (medico_id, especialidade_id) VALUES (7, 28);
INSERT INTO Medico_Especialidade (medico_id, especialidade_id) VALUES (8, 16);
INSERT INTO Medico_Especialidade (medico_id, especialidade_id) VALUES (8, 18);
INSERT INTO Medico_Especialidade (medico_id, especialidade_id) VALUES (9, 4);
INSERT INTO Medico_Especialidade (medico_id, especialidade_id) VALUES (10, 28);
INSERT INTO Medico_Especialidade (medico_id, especialidade_id) VALUES (11, 1);
INSERT INTO Medico_Especialidade (medico_id, especialidade_id) VALUES (11, 21);
INSERT INTO Medico_Especialidade (medico_id, especialidade_id) VALUES (11, 16);
INSERT INTO Medico_Especialidade (medico_id, especialidade_id) VALUES (12, 3);
INSERT INTO Medico_Especialidade (medico_id, especialidade_id) VALUES (12, 23);
INSERT INTO Medico_Especialidade (medico_id, especialidade_id) VALUES (12, 2);
INSERT INTO Medico_Especialidade (medico_id, especialidade_id) VALUES (13, 5);
INSERT INTO Medico_Especialidade (medico_id, especialidade_id) VALUES (13, 22);
INSERT INTO Medico_Especialidade (medico_id, especialidade_id) VALUES (13, 15);
INSERT INTO Medico_Especialidade (medico_id, especialidade_id) VALUES (14, 28);
INSERT INTO Medico_Especialidade (medico_id, especialidade_id) VALUES (14, 9);
INSERT INTO Medico_Especialidade (medico_id, especialidade_id) VALUES (14, 15);
INSERT INTO Medico_Especialidade (medico_id, especialidade_id) VALUES (15, 19);
INSERT INTO Medico_Especialidade (medico_id, especialidade_id) VALUES (15, 15);
INSERT INTO Medico_Especialidade (medico_id, especialidade_id) VALUES (16, 2);
INSERT INTO Medico_Especialidade (medico_id, especialidade_id) VALUES (16, 7);
INSERT INTO Medico_Especialidade (medico_id, especialidade_id) VALUES (17, 17);
INSERT INTO Medico_Especialidade (medico_id, especialidade_id) VALUES (18, 13);
INSERT INTO Medico_Especialidade (medico_id, especialidade_id) VALUES (18, 17);
INSERT INTO Medico_Especialidade (medico_id, especialidade_id) VALUES (19, 28);
INSERT INTO Medico_Especialidade (medico_id, especialidade_id) VALUES (19, 23);
INSERT INTO Medico_Especialidade (medico_id, especialidade_id) VALUES (20, 14);
INSERT INTO Medico_Especialidade (medico_id, especialidade_id) VALUES (20, 10);
INSERT INTO Medico_Especialidade (medico_id, especialidade_id) VALUES (21, 26);
INSERT INTO Medico_Especialidade (medico_id, especialidade_id) VALUES (21, 22);
INSERT INTO Medico_Especialidade (medico_id, especialidade_id) VALUES (21, 5);
INSERT INTO Medico_Especialidade (medico_id, especialidade_id) VALUES (22, 2);
INSERT INTO Medico_Especialidade (medico_id, especialidade_id) VALUES (23, 21);
INSERT INTO Medico_Especialidade (medico_id, especialidade_id) VALUES (23, 26);
INSERT INTO Medico_Especialidade (medico_id, especialidade_id) VALUES (23, 5);
INSERT INTO Medico_Especialidade (medico_id, especialidade_id) VALUES (24, 21);
INSERT INTO Medico_Especialidade (medico_id, especialidade_id) VALUES (24, 27);
INSERT INTO Medico_Especialidade (medico_id, especialidade_id) VALUES (24, 7);
INSERT INTO Medico_Especialidade (medico_id, especialidade_id) VALUES (25, 9);
INSERT INTO Medico_Especialidade (medico_id, especialidade_id) VALUES (25, 5);
INSERT INTO Medico_Especialidade (medico_id, especialidade_id) VALUES (25, 1);
INSERT INTO Medico_Especialidade (medico_id, especialidade_id) VALUES (26, 21);
INSERT INTO Medico_Especialidade (medico_id, especialidade_id) VALUES (27, 12);
INSERT INTO Medico_Especialidade (medico_id, especialidade_id) VALUES (27, 6);
INSERT INTO Medico_Especialidade (medico_id, especialidade_id) VALUES (28, 8);
INSERT INTO Medico_Especialidade (medico_id, especialidade_id) VALUES (28, 18);
INSERT INTO Medico_Especialidade (medico_id, especialidade_id) VALUES (28, 28);
INSERT INTO Medico_Especialidade (medico_id, especialidade_id) VALUES (29, 2);
INSERT INTO Medico_Especialidade (medico_id, especialidade_id) VALUES (29, 22);
INSERT INTO Medico_Especialidade (medico_id, especialidade_id) VALUES (30, 21);
INSERT INTO Consultas (paciente_id, medico_id, especialidade_id, data_hora, observacoes, status) VALUES (7, 13, 6, '2025-12-16 11:21:40', 'Corrupti soluta fuga nihil.', 'Cancelada');
INSERT INTO Consultas (paciente_id, medico_id, especialidade_id, data_hora, observacoes, status) VALUES (5, 22, 21, '2025-05-09 03:21:40', 'Quod laborum fuga.', 'Concluída');
INSERT INTO Consultas (paciente_id, medico_id, especialidade_id, data_hora, observacoes, status) VALUES (27, 25, 22, '2025-03-10 03:51:40', 'Dicta cupiditate ratione fugit dignissimos.', 'Agendada');
INSERT INTO Consultas (paciente_id, medico_id, especialidade_id, data_hora, observacoes, status) VALUES (14, 24, 7, '2025-04-23 11:06:40', 'Architecto eius molestias quod delectus aperiam ex.', 'Concluída');
INSERT INTO Consultas (paciente_id, medico_id, especialidade_id, data_hora, observacoes, status) VALUES (8, 26, 26, '2024-11-04 10:51:40', 'Corrupti suscipit totam laudantium culpa maxime.', 'Concluída');
INSERT INTO Consultas (paciente_id, medico_id, especialidade_id, data_hora, observacoes, status) VALUES (13, 29, 15, '2025-06-14 07:51:40', 'Possimus dignissimos temporibus alias error.', 'Concluída');
INSERT INTO Consultas (paciente_id, medico_id, especialidade_id, data_hora, observacoes, status) VALUES (17, 4, 18, '2026-04-15 02:51:40', 'Quo dicta aliquam.', 'Cancelada');
INSERT INTO Consultas (paciente_id, medico_id, especialidade_id, data_hora, observacoes, status) VALUES (23, 20, 20, '2026-03-05 12:36:40', 'Eius deserunt numquam.', 'Cancelada');
INSERT INTO Consultas (paciente_id, medico_id, especialidade_id, data_hora, observacoes, status) VALUES (21, 3, 13, '2025-03-06 05:36:40', 'Cum natus sapiente vel maiores.', 'Agendada');
INSERT INTO Consultas (paciente_id, medico_id, especialidade_id, data_hora, observacoes, status) VALUES (30, 9, 8, '2026-09-22 10:36:40', 'Eos iure deserunt ad ipsum.', 'Agendada');
INSERT INTO Consultas (paciente_id, medico_id, especialidade_id, data_hora, observacoes, status) VALUES (26, 11, 22, '2025-04-18 07:21:40', 'Quae quaerat autem.', 'Cancelada');
INSERT INTO Consultas (paciente_id, medico_id, especialidade_id, data_hora, observacoes, status) VALUES (14, 17, 2, '2024-11-07 07:51:40', 'Nostrum corrupti reprehenderit voluptatibus sequi iste et temporibus.', 'Agendada');
INSERT INTO Consultas (paciente_id, medico_id, especialidade_id, data_hora, observacoes, status) VALUES (6, 7, 24, '2025-02-15 10:21:40', 'Consectetur sint natus facere dolore voluptas.', 'Agendada');
INSERT INTO Consultas (paciente_id, medico_id, especialidade_id, data_hora, observacoes, status) VALUES (7, 6, 8, '2026-04-19 07:21:40', 'Impedit qui veniam.', 'Cancelada');
INSERT INTO Consultas (paciente_id, medico_id, especialidade_id, data_hora, observacoes, status) VALUES (30, 10, 11, '2025-12-11 05:51:40', 'Veritatis ipsum soluta distinctio ratione et voluptas.', 'Concluída');
INSERT INTO Consultas (paciente_id, medico_id, especialidade_id, data_hora, observacoes, status) VALUES (24, 16, 17, '2025-01-20 05:51:40', 'At rem illum dolores temporibus distinctio eveniet.', 'Agendada');
INSERT INTO Consultas (paciente_id, medico_id, especialidade_id, data_hora, observacoes, status) VALUES (10, 29, 28, '2026-02-19 03:51:40', 'Possimus voluptas labore.', 'Agendada');
INSERT INTO Consultas (paciente_id, medico_id, especialidade_id, data_hora, observacoes, status) VALUES (29, 22, 25, '2026-08-08 12:21:40', 'Occaecati et culpa quidem numquam nulla doloremque.', 'Agendada');
INSERT INTO Consultas (paciente_id, medico_id, especialidade_id, data_hora, observacoes, status) VALUES (12, 16, 26, '2025-04-10 12:06:40', 'Mollitia quam nobis labore quia quia nostrum.', 'Cancelada');
INSERT INTO Consultas (paciente_id, medico_id, especialidade_id, data_hora, observacoes, status) VALUES (17, 10, 19, '2025-10-08 12:36:40', 'Officia consectetur placeat error omnis ad sed.', 'Concluída');
INSERT INTO Consultas (paciente_id, medico_id, especialidade_id, data_hora, observacoes, status) VALUES (8, 25, 28, '2026-09-20 06:36:40', 'A quidem animi nemo asperiores.', 'Cancelada');
INSERT INTO Consultas (paciente_id, medico_id, especialidade_id, data_hora, observacoes, status) VALUES (9, 21, 27, '2024-12-23 11:36:40', 'Delectus suscipit explicabo error.', 'Agendada');
INSERT INTO Consultas (paciente_id, medico_id, especialidade_id, data_hora, observacoes, status) VALUES (19, 2, 21, '2025-11-08 03:51:40', 'Eum facilis laudantium quia fugiat nesciunt.', 'Cancelada');
INSERT INTO Consultas (paciente_id, medico_id, especialidade_id, data_hora, observacoes, status) VALUES (21, 24, 14, '2025-02-21 05:51:40', 'Nesciunt eveniet atque.', 'Cancelada');
INSERT INTO Consultas (paciente_id, medico_id, especialidade_id, data_hora, observacoes, status) VALUES (9, 15, 21, '2024-11-22 11:51:40', 'Quasi nisi porro.', 'Concluída');
INSERT INTO Consultas (paciente_id, medico_id, especialidade_id, data_hora, observacoes, status) VALUES (3, 7, 4, '2026-03-24 06:51:40', 'Praesentium voluptates quisquam possimus.', 'Agendada');
INSERT INTO Consultas (paciente_id, medico_id, especialidade_id, data_hora, observacoes, status) VALUES (29, 1, 3, '2026-06-19 12:21:40', 'Natus laudantium aliquid quae sequi.', 'Concluída');
INSERT INTO Consultas (paciente_id, medico_id, especialidade_id, data_hora, observacoes, status) VALUES (19, 8, 16, '2026-06-06 05:06:40', 'Fuga quae sequi repellendus dolores minima.', 'Cancelada');
INSERT INTO Consultas (paciente_id, medico_id, especialidade_id, data_hora, observacoes, status) VALUES (1, 27, 5, '2025-07-27 08:21:40', 'Autem ad culpa vel.', 'Concluída');
INSERT INTO Consultas (paciente_id, medico_id, especialidade_id, data_hora, observacoes, status) VALUES (24, 11, 28, '2026-02-24 03:36:40', 'Dolores voluptatem nam eveniet vero iure iste.', 'Cancelada');
INSERT INTO Consultas (paciente_id, medico_id, especialidade_id, data_hora, observacoes, status) VALUES (8, 10, 21, '2025-02-04 11:06:40', 'Ab architecto iste iure error quae.', 'Agendada');
INSERT INTO Consultas (paciente_id, medico_id, especialidade_id, data_hora, observacoes, status) VALUES (23, 20, 9, '2024-11-07 04:21:40', 'Quo quaerat deserunt ratione.', 'Cancelada');
INSERT INTO Consultas (paciente_id, medico_id, especialidade_id, data_hora, observacoes, status) VALUES (17, 17, 7, '2026-03-24 07:06:40', 'Atque occaecati excepturi.', 'Concluída');
INSERT INTO Consultas (paciente_id, medico_id, especialidade_id, data_hora, observacoes, status) VALUES (29, 7, 30, '2025-06-25 04:21:40', 'Consequatur animi similique voluptatem.', 'Cancelada');
INSERT INTO Consultas (paciente_id, medico_id, especialidade_id, data_hora, observacoes, status) VALUES (2, 2, 19, '2026-04-01 03:51:40', 'Ab culpa omnis quibusdam nisi nam.', 'Concluída');
INSERT INTO Consultas (paciente_id, medico_id, especialidade_id, data_hora, observacoes, status) VALUES (4, 12, 22, '2025-07-19 08:36:40', 'Quae natus blanditiis maxime natus recusandae.', 'Concluída');
INSERT INTO Consultas (paciente_id, medico_id, especialidade_id, data_hora, observacoes, status) VALUES (3, 8, 26, '2025-04-03 11:36:40', 'Ratione velit at quod.', 'Agendada');
INSERT INTO Consultas (paciente_id, medico_id, especialidade_id, data_hora, observacoes, status) VALUES (3, 14, 7, '2026-01-17 02:36:40', 'Quis sed dolores inventore dolorem.', 'Cancelada');
INSERT INTO Consultas (paciente_id, medico_id, especialidade_id, data_hora, observacoes, status) VALUES (17, 30, 25, '2025-02-08 11:06:40', 'Tenetur molestias eligendi quos eos illum.', 'Concluída');
INSERT INTO Consultas (paciente_id, medico_id, especialidade_id, data_hora, observacoes, status) VALUES (27, 11, 25, '2025-07-30 10:06:40', 'Possimus soluta hic in odio laboriosam suscipit.', 'Cancelada');
INSERT INTO Consultas (paciente_id, medico_id, especialidade_id, data_hora, observacoes, status) VALUES (17, 21, 10, '2026-05-12 05:06:40', 'Voluptatem ducimus voluptate tempore.', 'Cancelada');
INSERT INTO Consultas (paciente_id, medico_id, especialidade_id, data_hora, observacoes, status) VALUES (28, 8, 23, '2025-02-16 03:51:40', 'Possimus debitis rem saepe deserunt eaque.', 'Cancelada');
INSERT INTO Consultas (paciente_id, medico_id, especialidade_id, data_hora, observacoes, status) VALUES (26, 2, 28, '2026-01-26 12:51:40', 'Tempora perspiciatis tempora quidem recusandae.', 'Agendada');
INSERT INTO Consultas (paciente_id, medico_id, especialidade_id, data_hora, observacoes, status) VALUES (15, 18, 13, '2025-02-16 07:51:40', 'Sequi nam architecto eveniet.', 'Cancelada');
INSERT INTO Consultas (paciente_id, medico_id, especialidade_id, data_hora, observacoes, status) VALUES (20, 26, 30, '2026-10-09 06:36:40', 'Harum similique soluta corrupti sequi sapiente vero tempora.', 'Cancelada');
INSERT INTO Consultas (paciente_id, medico_id, especialidade_id, data_hora, observacoes, status) VALUES (18, 27, 28, '2025-05-06 09:21:40', 'Accusantium ipsam qui eveniet laboriosam rem optio adipisci.', 'Concluída');
INSERT INTO Consultas (paciente_id, medico_id, especialidade_id, data_hora, observacoes, status) VALUES (26, 1, 25, '2026-09-05 09:36:40', 'Quis necessitatibus debitis nemo praesentium rem modi.', 'Agendada');
INSERT INTO Consultas (paciente_id, medico_id, especialidade_id, data_hora, observacoes, status) VALUES (27, 25, 10, '2026-06-30 04:51:40', 'Aliquid incidunt veniam.', 'Cancelada');
INSERT INTO Consultas (paciente_id, medico_id, especialidade_id, data_hora, observacoes, status) VALUES (5, 18, 20, '2025-05-14 05:36:40', 'Dolorum laboriosam blanditiis facere officia.', 'Agendada');
INSERT INTO Consultas (paciente_id, medico_id, especialidade_id, data_hora, observacoes, status) VALUES (7, 24, 13, '2025-06-13 11:36:40', 'Minus illum perferendis.', 'Concluída');
INSERT INTO Consultas (paciente_id, medico_id, especialidade_id, data_hora, observacoes, status) VALUES (18, 23, 4, '2025-09-03 04:36:40', 'Asperiores sequi minima magnam dolores esse.', 'Concluída');
INSERT INTO Consultas (paciente_id, medico_id, especialidade_id, data_hora, observacoes, status) VALUES (24, 21, 8, '2025-05-08 09:21:40', 'Doloremque animi cupiditate totam consequuntur alias consectetur.', 'Concluída');
INSERT INTO Consultas (paciente_id, medico_id, especialidade_id, data_hora, observacoes, status) VALUES (22, 14, 21, '2024-11-05 11:21:40', 'Similique ad esse nesciunt vitae.', 'Cancelada');
INSERT INTO Consultas (paciente_id, medico_id, especialidade_id, data_hora, observacoes, status) VALUES (11, 7, 21, '2025-09-02 08:36:40', 'Cumque nemo dolore tempora.', 'Concluída');
INSERT INTO Consultas (paciente_id, medico_id, especialidade_id, data_hora, observacoes, status) VALUES (6, 28, 21, '2025-02-08 07:06:40', 'Error hic sunt voluptatem.', 'Concluída');
INSERT INTO Consultas (paciente_id, medico_id, especialidade_id, data_hora, observacoes, status) VALUES (27, 27, 28, '2024-12-10 12:36:40', 'Est ex culpa explicabo enim laudantium libero.', 'Agendada');
INSERT INTO Consultas (paciente_id, medico_id, especialidade_id, data_hora, observacoes, status) VALUES (9, 29, 22, '2025-02-09 12:06:40', 'Tempore quod ipsa quia voluptate assumenda eligendi sit.', 'Concluída');
INSERT INTO Consultas (paciente_id, medico_id, especialidade_id, data_hora, observacoes, status) VALUES (13, 21, 11, '2026-02-26 03:21:40', 'Incidunt atque temporibus debitis eos earum similique cupiditate.', 'Concluída');
INSERT INTO Consultas (paciente_id, medico_id, especialidade_id, data_hora, observacoes, status) VALUES (21, 16, 15, '2026-04-10 07:36:40', 'Unde quidem laborum reiciendis molestiae.', 'Agendada');
INSERT INTO Consultas (paciente_id, medico_id, especialidade_id, data_hora, observacoes, status) VALUES (17, 7, 5, '2026-03-26 12:06:40', 'Aliquam quam blanditiis amet maiores dignissimos.', 'Concluída');
INSERT INTO Agendamentos (paciente_id, medico_id, data_hora_agendamento, tipo_agendamento, status) VALUES (30, 8, '2025-10-15 08:51:40', 'Exame', 'Pendente');
INSERT INTO Agendamentos (paciente_id, medico_id, data_hora_agendamento, tipo_agendamento, status) VALUES (13, 23, '2025-11-01 09:21:40', 'Exame', 'Realizado');
INSERT INTO Agendamentos (paciente_id, medico_id, data_hora_agendamento, tipo_agendamento, status) VALUES (20, 12, '2025-11-19 05:51:40', 'Retorno', 'Realizado');
INSERT INTO Agendamentos (paciente_id, medico_id, data_hora_agendamento, tipo_agendamento, status) VALUES (5, 9, '2025-10-11 03:21:40', 'Retorno', 'Pendente');
INSERT INTO Agendamentos (paciente_id, medico_id, data_hora_agendamento, tipo_agendamento, status) VALUES (2, 17, '2025-10-30 02:36:40', 'Exame', 'Cancelado');
INSERT INTO Agendamentos (paciente_id, medico_id, data_hora_agendamento, tipo_agendamento, status) VALUES (23, 10, '2025-11-13 03:21:40', 'Retorno', 'Confirmado');
INSERT INTO Agendamentos (paciente_id, medico_id, data_hora_agendamento, tipo_agendamento, status) VALUES (15, 20, '2025-10-08 06:51:40', 'Consulta', 'Pendente');
INSERT INTO Agendamentos (paciente_id, medico_id, data_hora_agendamento, tipo_agendamento, status) VALUES (25, 6, '2025-11-03 06:51:40', 'Exame', 'Realizado');
INSERT INTO Agendamentos (paciente_id, medico_id, data_hora_agendamento, tipo_agendamento, status) VALUES (18, 14, '2025-11-19 06:06:40', 'Retorno', 'Pendente');
INSERT INTO Agendamentos (paciente_id, medico_id, data_hora_agendamento, tipo_agendamento, status) VALUES (23, 18, '2025-10-04 12:51:40', 'Procedimento', 'Pendente');
INSERT INTO Agendamentos (paciente_id, medico_id, data_hora_agendamento, tipo_agendamento, status) VALUES (6, 3, '2025-11-09 08:06:40', 'Consulta', 'Pendente');
INSERT INTO Agendamentos (paciente_id, medico_id, data_hora_agendamento, tipo_agendamento, status) VALUES (12, 29, '2025-10-10 05:51:40', 'Consulta', 'Realizado');
INSERT INTO Agendamentos (paciente_id, medico_id, data_hora_agendamento, tipo_agendamento, status) VALUES (13, 14, '2025-10-02 07:51:40', 'Exame', 'Realizado');
INSERT INTO Agendamentos (paciente_id, medico_id, data_hora_agendamento, tipo_agendamento, status) VALUES (11, 5, '2025-10-15 11:51:40', 'Exame', 'Pendente');
INSERT INTO Agendamentos (paciente_id, medico_id, data_hora_agendamento, tipo_agendamento, status) VALUES (24, 11, '2025-10-13 07:06:40', 'Procedimento', 'Realizado');
INSERT INTO Agendamentos (paciente_id, medico_id, data_hora_agendamento, tipo_agendamento, status) VALUES (4, 17, '2025-11-23 11:51:40', 'Exame', 'Cancelado');
INSERT INTO Agendamentos (paciente_id, medico_id, data_hora_agendamento, tipo_agendamento, status) VALUES (9, 10, '2025-11-06 03:06:40', 'Retorno', 'Realizado');
INSERT INTO Agendamentos (paciente_id, medico_id, data_hora_agendamento, tipo_agendamento, status) VALUES (18, 6, '2025-10-06 11:21:40', 'Consulta', 'Realizado');
INSERT INTO Agendamentos (paciente_id, medico_id, data_hora_agendamento, tipo_agendamento, status) VALUES (29, 20, '2025-09-26 06:21:40', 'Consulta', 'Cancelado');
INSERT INTO Agendamentos (paciente_id, medico_id, data_hora_agendamento, tipo_agendamento, status) VALUES (24, 17, '2025-11-23 12:06:40', 'Procedimento', 'Confirmado');
INSERT INTO Agendamentos (paciente_id, medico_id, data_hora_agendamento, tipo_agendamento, status) VALUES (1, 27, '2025-11-18 07:21:40', 'Procedimento', 'Confirmado');
INSERT INTO Agendamentos (paciente_id, medico_id, data_hora_agendamento, tipo_agendamento, status) VALUES (17, 19, '2025-09-25 03:21:40', 'Procedimento', 'Confirmado');
INSERT INTO Agendamentos (paciente_id, medico_id, data_hora_agendamento, tipo_agendamento, status) VALUES (19, 9, '2025-10-20 04:36:40', 'Retorno', 'Cancelado');
INSERT INTO Agendamentos (paciente_id, medico_id, data_hora_agendamento, tipo_agendamento, status) VALUES (1, 28, '2025-11-03 07:51:40', 'Exame', 'Cancelado');
INSERT INTO Agendamentos (paciente_id, medico_id, data_hora_agendamento, tipo_agendamento, status) VALUES (7, 20, '2025-10-01 12:06:40', 'Exame', 'Pendente');
INSERT INTO Agendamentos (paciente_id, medico_id, data_hora_agendamento, tipo_agendamento, status) VALUES (1, 16, '2025-10-29 09:21:40', 'Consulta', 'Pendente');
INSERT INTO Agendamentos (paciente_id, medico_id, data_hora_agendamento, tipo_agendamento, status) VALUES (9, 13, '2025-11-05 12:36:40', 'Procedimento', 'Cancelado');
INSERT INTO Agendamentos (paciente_id, medico_id, data_hora_agendamento, tipo_agendamento, status) VALUES (22, 17, '2025-11-12 04:06:40', 'Procedimento', 'Realizado');
INSERT INTO Agendamentos (paciente_id, medico_id, data_hora_agendamento, tipo_agendamento, status) VALUES (13, 26, '2025-10-04 05:36:40', 'Procedimento', 'Realizado');
INSERT INTO Agendamentos (paciente_id, medico_id, data_hora_agendamento, tipo_agendamento, status) VALUES (28, 12, '2025-11-08 05:51:40', 'Exame', 'Realizado');
INSERT INTO Agendamentos (paciente_id, medico_id, data_hora_agendamento, tipo_agendamento, status) VALUES (6, 14, '2025-09-30 10:51:40', 'Procedimento', 'Realizado');
INSERT INTO Agendamentos (paciente_id, medico_id, data_hora_agendamento, tipo_agendamento, status) VALUES (17, 19, '2025-10-18 05:36:40', 'Retorno', 'Pendente');
INSERT INTO Agendamentos (paciente_id, medico_id, data_hora_agendamento, tipo_agendamento, status) VALUES (6, 22, '2025-10-11 08:36:40', 'Exame', 'Cancelado');
INSERT INTO Agendamentos (paciente_id, medico_id, data_hora_agendamento, tipo_agendamento, status) VALUES (23, 2, '2025-11-08 04:06:40', 'Procedimento', 'Confirmado');
INSERT INTO Agendamentos (paciente_id, medico_id, data_hora_agendamento, tipo_agendamento, status) VALUES (1, 21, '2025-11-08 04:51:40', 'Procedimento', 'Realizado');
INSERT INTO Agendamentos (paciente_id, medico_id, data_hora_agendamento, tipo_agendamento, status) VALUES (14, 20, '2025-11-10 09:06:40', 'Exame', 'Pendente');
INSERT INTO Agendamentos (paciente_id, medico_id, data_hora_agendamento, tipo_agendamento, status) VALUES (20, 11, '2025-11-12 04:06:40', 'Procedimento', 'Pendente');
INSERT INTO Agendamentos (paciente_id, medico_id, data_hora_agendamento, tipo_agendamento, status) VALUES (7, 23, '2025-10-26 09:06:40', 'Procedimento', 'Pendente');
INSERT INTO Agendamentos (paciente_id, medico_id, data_hora_agendamento, tipo_agendamento, status) VALUES (23, 6, '2025-10-29 11:51:40', 'Procedimento', 'Confirmado');
INSERT INTO Agendamentos (paciente_id, medico_id, data_hora_agendamento, tipo_agendamento, status) VALUES (16, 27, '2025-10-27 06:21:40', 'Exame', 'Confirmado');
INSERT INTO Agendamentos (paciente_id, medico_id, data_hora_agendamento, tipo_agendamento, status) VALUES (27, 11, '2025-10-14 11:51:40', 'Procedimento', 'Confirmado');
INSERT INTO Agendamentos (paciente_id, medico_id, data_hora_agendamento, tipo_agendamento, status) VALUES (14, 16, '2025-11-07 07:36:40', 'Exame', 'Pendente');
INSERT INTO Agendamentos (paciente_id, medico_id, data_hora_agendamento, tipo_agendamento, status) VALUES (24, 9, '2025-11-19 06:36:40', 'Procedimento', 'Cancelado');
INSERT INTO Agendamentos (paciente_id, medico_id, data_hora_agendamento, tipo_agendamento, status) VALUES (15, 9, '2025-10-03 12:36:40', 'Consulta', 'Realizado');
INSERT INTO Agendamentos (paciente_id, medico_id, data_hora_agendamento, tipo_agendamento, status) VALUES (23, 5, '2025-11-18 04:06:40', 'Exame', 'Pendente');
INSERT INTO Agendamentos (paciente_id, medico_id, data_hora_agendamento, tipo_agendamento, status) VALUES (16, 23, '2025-11-04 03:36:40', 'Procedimento', 'Pendente');
INSERT INTO Agendamentos (paciente_id, medico_id, data_hora_agendamento, tipo_agendamento, status) VALUES (10, 4, '2025-09-30 05:36:40', 'Consulta', 'Pendente');
INSERT INTO Agendamentos (paciente_id, medico_id, data_hora_agendamento, tipo_agendamento, status) VALUES (6, 6, '2025-11-17 03:36:40', 'Procedimento', 'Cancelado');
INSERT INTO Agendamentos (paciente_id, medico_id, data_hora_agendamento, tipo_agendamento, status) VALUES (1, 8, '2025-11-06 12:36:40', 'Exame', 'Realizado');
INSERT INTO Agendamentos (paciente_id, medico_id, data_hora_agendamento, tipo_agendamento, status) VALUES (27, 25, '2025-10-01 09:51:40', 'Retorno', 'Pendente');
INSERT INTO Agendamentos (paciente_id, medico_id, data_hora_agendamento, tipo_agendamento, status) VALUES (30, 20, '2025-11-13 09:06:40', 'Consulta', 'Realizado');
INSERT INTO Agendamentos (paciente_id, medico_id, data_hora_agendamento, tipo_agendamento, status) VALUES (25, 20, '2025-10-06 11:36:40', 'Procedimento', 'Realizado');
INSERT INTO Agendamentos (paciente_id, medico_id, data_hora_agendamento, tipo_agendamento, status) VALUES (12, 21, '2025-10-06 04:21:40', 'Consulta', 'Cancelado');
INSERT INTO Agendamentos (paciente_id, medico_id, data_hora_agendamento, tipo_agendamento, status) VALUES (19, 11, '2025-11-15 04:06:40', 'Consulta', 'Cancelado');
INSERT INTO Agendamentos (paciente_id, medico_id, data_hora_agendamento, tipo_agendamento, status) VALUES (25, 27, '2025-10-30 05:51:40', 'Exame', 'Cancelado');
INSERT INTO Agendamentos (paciente_id, medico_id, data_hora_agendamento, tipo_agendamento, status) VALUES (30, 3, '2025-11-21 04:36:40', 'Exame', 'Realizado');
INSERT INTO Agendamentos (paciente_id, medico_id, data_hora_agendamento, tipo_agendamento, status) VALUES (15, 20, '2025-10-02 12:06:40', 'Consulta', 'Confirmado');
INSERT INTO Agendamentos (paciente_id, medico_id, data_hora_agendamento, tipo_agendamento, status) VALUES (7, 19, '2025-11-01 11:06:40', 'Retorno', 'Pendente');
INSERT INTO Agendamentos (paciente_id, medico_id, data_hora_agendamento, tipo_agendamento, status) VALUES (25, 12, '2025-10-14 06:21:40', 'Exame', 'Realizado');
INSERT INTO Agendamentos (paciente_id, medico_id, data_hora_agendamento, tipo_agendamento, status) VALUES (15, 2, '2025-10-03 04:36:40', 'Procedimento', 'Confirmado');
